34879;http://www1.fips.ru/fips_servl/fips_servlet?DB=RUPAT&rn=9478&DocNumber=34879&QID=F34A42C1-07F0-4C3A-946A-39CA9140C0CF&TypeFile=html
706621;http://www1.fips.ru/fips_servl/fips_servlet?DB=RUPAT&rn=9478&DocNumber=706621&QID=F34A42C1-07F0-4C3A-946A-39CA9140C0CF&TypeFile=html
1055929;http://www1.fips.ru/fips_servl/fips_servlet?DB=RUPAT&rn=9478&DocNumber=1055929&QID=F34A42C1-07F0-4C3A-946A-39CA9140C0CF&TypeFile=html
1359524;http://www1.fips.ru/fips_servl/fips_servlet?DB=RUPAT&rn=9478&DocNumber=1359524&QID=F34A42C1-07F0-4C3A-946A-39CA9140C0CF&TypeFile=html
64654;http://www1.fips.ru/fips_servl/fips_servlet?DB=RUPAT&rn=9478&DocNumber=64654&QID=F34A42C1-07F0-4C3A-946A-39CA9140C0CF&TypeFile=html
715859;http://www1.fips.ru/fips_servl/fips_servlet?DB=RUPAT&rn=9478&DocNumber=715859&QID=F34A42C1-07F0-4C3A-946A-39CA9140C0CF&TypeFile=html
1055930;http://www1.fips.ru/fips_servl/fips_servlet?DB=RUPAT&rn=9478&DocNumber=1055930&QID=F34A42C1-07F0-4C3A-946A-39CA9140C0CF&TypeFile=html
1364791;http://www1.fips.ru/fips_servl/fips_servlet?DB=RUPAT&rn=9478&DocNumber=1364791&QID=F34A42C1-07F0-4C3A-946A-39CA9140C0CF&TypeFile=html
87494;http://www1.fips.ru/fips_servl/fips_servlet?DB=RUPAT&rn=9478&DocNumber=87494&QID=F34A42C1-07F0-4C3A-946A-39CA9140C0CF&TypeFile=html
734465;http://www1.fips.ru/fips_servl/fips_servlet?DB=RUPAT&rn=9478&DocNumber=734465&QID=F34A42C1-07F0-4C3A-946A-39CA9140C0CF&TypeFile=html
1083016;http://www1.fips.ru/fips_servl/fips_servlet?DB=RUPAT&rn=9478&DocNumber=1083016&QID=F34A42C1-07F0-4C3A-946A-39CA9140C0CF&TypeFile=html
1364792;http://www1.fips.ru/fips_servl/fips_servlet?DB=RUPAT&rn=9478&DocNumber=1364792&QID=F34A42C1-07F0-4C3A-946A-39CA9140C0CF&TypeFile=html
90105;http://www1.fips.ru/fips_servl/fips_servlet?DB=RUPAT&rn=9478&DocNumber=90105&QID=F34A42C1-07F0-4C3A-946A-39CA9140C0CF&TypeFile=html
750186;http://www1.fips.ru/fips_servl/fips_servlet?DB=RUPAT&rn=9478&DocNumber=750186&QID=F34A42C1-07F0-4C3A-946A-39CA9140C0CF&TypeFile=html
1110966;http://www1.fips.ru/fips_servl/fips_servlet?DB=RUPAT&rn=9478&DocNumber=1110966&QID=F34A42C1-07F0-4C3A-946A-39CA9140C0CF&TypeFile=html
1368546;http://www1.fips.ru/fips_servl/fips_servlet?DB=RUPAT&rn=9478&DocNumber=1368546&QID=F34A42C1-07F0-4C3A-946A-39CA9140C0CF&TypeFile=html
92636;http://www1.fips.ru/fips_servl/fips_servlet?DB=RUPAT&rn=9478&DocNumber=92636&QID=F34A42C1-07F0-4C3A-946A-39CA9140C0CF&TypeFile=html
752079;http://www1.fips.ru/fips_servl/fips_servlet?DB=RUPAT&rn=9478&DocNumber=752079&QID=F34A42C1-07F0-4C3A-946A-39CA9140C0CF&TypeFile=html
1126744;http://www1.fips.ru/fips_servl/fips_servlet?DB=RUPAT&rn=9478&DocNumber=1126744&QID=F34A42C1-07F0-4C3A-946A-39CA9140C0CF&TypeFile=html
1381287;http://www1.fips.ru/fips_servl/fips_servlet?DB=RUPAT&rn=9478&DocNumber=1381287&QID=F34A42C1-07F0-4C3A-946A-39CA9140C0CF&TypeFile=html
93032;http://www1.fips.ru/fips_servl/fips_servlet?DB=RUPAT&rn=9478&DocNumber=93032&QID=F34A42C1-07F0-4C3A-946A-39CA9140C0CF&TypeFile=html
819449;http://www1.fips.ru/fips_servl/fips_servlet?DB=RUPAT&rn=9478&DocNumber=819449&QID=F34A42C1-07F0-4C3A-946A-39CA9140C0CF&TypeFile=html
1167374;http://www1.fips.ru/fips_servl/fips_servlet?DB=RUPAT&rn=9478&DocNumber=1167374&QID=F34A42C1-07F0-4C3A-946A-39CA9140C0CF&TypeFile=html
1392287;http://www1.fips.ru/fips_servl/fips_servlet?DB=RUPAT&rn=9478&DocNumber=1392287&QID=F34A42C1-07F0-4C3A-946A-39CA9140C0CF&TypeFile=html
115504;http://www1.fips.ru/fips_servl/fips_servlet?DB=RUPAT&rn=9478&DocNumber=115504&QID=F34A42C1-07F0-4C3A-946A-39CA9140C0CF&TypeFile=html
848807;http://www1.fips.ru/fips_servl/fips_servlet?DB=RUPAT&rn=9478&DocNumber=848807&QID=F34A42C1-07F0-4C3A-946A-39CA9140C0CF&TypeFile=html
1176117;http://www1.fips.ru/fips_servl/fips_servlet?DB=RUPAT&rn=9478&DocNumber=1176117&QID=F34A42C1-07F0-4C3A-946A-39CA9140C0CF&TypeFile=html
1404708;http://www1.fips.ru/fips_servl/fips_servlet?DB=RUPAT&rn=9478&DocNumber=1404708&QID=F34A42C1-07F0-4C3A-946A-39CA9140C0CF&TypeFile=html
132017;http://www1.fips.ru/fips_servl/fips_servlet?DB=RUPAT&rn=9478&DocNumber=132017&QID=F34A42C1-07F0-4C3A-946A-39CA9140C0CF&TypeFile=html
892052;http://www1.fips.ru/fips_servl/fips_servlet?DB=RUPAT&rn=9478&DocNumber=892052&QID=F34A42C1-07F0-4C3A-946A-39CA9140C0CF&TypeFile=html
1180593;http://www1.fips.ru/fips_servl/fips_servlet?DB=RUPAT&rn=9478&DocNumber=1180593&QID=F34A42C1-07F0-4C3A-946A-39CA9140C0CF&TypeFile=html
1409804;http://www1.fips.ru/fips_servl/fips_servlet?DB=RUPAT&rn=9478&DocNumber=1409804&QID=F34A42C1-07F0-4C3A-946A-39CA9140C0CF&TypeFile=html
143632;http://www1.fips.ru/fips_servl/fips_servlet?DB=RUPAT&rn=9478&DocNumber=143632&QID=F34A42C1-07F0-4C3A-946A-39CA9140C0CF&TypeFile=html
916831;http://www1.fips.ru/fips_servl/fips_servlet?DB=RUPAT&rn=9478&DocNumber=916831&QID=F34A42C1-07F0-4C3A-946A-39CA9140C0CF&TypeFile=html
1188406;http://www1.fips.ru/fips_servl/fips_servlet?DB=RUPAT&rn=9478&DocNumber=1188406&QID=F34A42C1-07F0-4C3A-946A-39CA9140C0CF&TypeFile=html
1411536;http://www1.fips.ru/fips_servl/fips_servlet?DB=RUPAT&rn=9478&DocNumber=1411536&QID=F34A42C1-07F0-4C3A-946A-39CA9140C0CF&TypeFile=html
164756;http://www1.fips.ru/fips_servl/fips_servlet?DB=RUPAT&rn=9478&DocNumber=164756&QID=F34A42C1-07F0-4C3A-946A-39CA9140C0CF&TypeFile=html
937830;http://www1.fips.ru/fips_servl/fips_servlet?DB=RUPAT&rn=9478&DocNumber=937830&QID=F34A42C1-07F0-4C3A-946A-39CA9140C0CF&TypeFile=html
1190116;http://www1.fips.ru/fips_servl/fips_servlet?DB=RUPAT&rn=9478&DocNumber=1190116&QID=F34A42C1-07F0-4C3A-946A-39CA9140C0CF&TypeFile=html
1414976;http://www1.fips.ru/fips_servl/fips_servlet?DB=RUPAT&rn=9478&DocNumber=1414976&QID=F34A42C1-07F0-4C3A-946A-39CA9140C0CF&TypeFile=html
171713;http://www1.fips.ru/fips_servl/fips_servlet?DB=RUPAT&rn=9478&DocNumber=171713&QID=F34A42C1-07F0-4C3A-946A-39CA9140C0CF&TypeFile=html
947533;http://www1.fips.ru/fips_servl/fips_servlet?DB=RUPAT&rn=9478&DocNumber=947533&QID=F34A42C1-07F0-4C3A-946A-39CA9140C0CF&TypeFile=html
1216495;http://www1.fips.ru/fips_servl/fips_servlet?DB=RUPAT&rn=9478&DocNumber=1216495&QID=F34A42C1-07F0-4C3A-946A-39CA9140C0CF&TypeFile=html
1420275;http://www1.fips.ru/fips_servl/fips_servlet?DB=RUPAT&rn=9478&DocNumber=1420275&QID=F34A42C1-07F0-4C3A-946A-39CA9140C0CF&TypeFile=html
184120;http://www1.fips.ru/fips_servl/fips_servlet?DB=RUPAT&rn=9478&DocNumber=184120&QID=F34A42C1-07F0-4C3A-946A-39CA9140C0CF&TypeFile=html
970012;http://www1.fips.ru/fips_servl/fips_servlet?DB=RUPAT&rn=9478&DocNumber=970012&QID=F34A42C1-07F0-4C3A-946A-39CA9140C0CF&TypeFile=html
1218210;http://www1.fips.ru/fips_servl/fips_servlet?DB=RUPAT&rn=9478&DocNumber=1218210&QID=F34A42C1-07F0-4C3A-946A-39CA9140C0CF&TypeFile=html
1421930;http://www1.fips.ru/fips_servl/fips_servlet?DB=RUPAT&rn=9478&DocNumber=1421930&QID=F34A42C1-07F0-4C3A-946A-39CA9140C0CF&TypeFile=html
191976;http://www1.fips.ru/fips_servl/fips_servlet?DB=RUPAT&rn=9478&DocNumber=191976&QID=F34A42C1-07F0-4C3A-946A-39CA9140C0CF&TypeFile=html
977875;http://www1.fips.ru/fips_servl/fips_servlet?DB=RUPAT&rn=9478&DocNumber=977875&QID=F34A42C1-07F0-4C3A-946A-39CA9140C0CF&TypeFile=html
1222937;http://www1.fips.ru/fips_servl/fips_servlet?DB=RUPAT&rn=9478&DocNumber=1222937&QID=F34A42C1-07F0-4C3A-946A-39CA9140C0CF&TypeFile=html
1427115;http://www1.fips.ru/fips_servl/fips_servlet?DB=RUPAT&rn=9478&DocNumber=1427115&QID=F34A42C1-07F0-4C3A-946A-39CA9140C0CF&TypeFile=html
200382;http://www1.fips.ru/fips_servl/fips_servlet?DB=RUPAT&rn=9478&DocNumber=200382&QID=F34A42C1-07F0-4C3A-946A-39CA9140C0CF&TypeFile=html
991087;http://www1.fips.ru/fips_servl/fips_servlet?DB=RUPAT&rn=9478&DocNumber=991087&QID=F34A42C1-07F0-4C3A-946A-39CA9140C0CF&TypeFile=html
1232880;http://www1.fips.ru/fips_servl/fips_servlet?DB=RUPAT&rn=9478&DocNumber=1232880&QID=F34A42C1-07F0-4C3A-946A-39CA9140C0CF&TypeFile=html
1434197;http://www1.fips.ru/fips_servl/fips_servlet?DB=RUPAT&rn=9478&DocNumber=1434197&QID=F34A42C1-07F0-4C3A-946A-39CA9140C0CF&TypeFile=html
335468;http://www1.fips.ru/fips_servl/fips_servlet?DB=RUPAT&rn=9478&DocNumber=335468&QID=F34A42C1-07F0-4C3A-946A-39CA9140C0CF&TypeFile=html
991088;http://www1.fips.ru/fips_servl/fips_servlet?DB=RUPAT&rn=9478&DocNumber=991088&QID=F34A42C1-07F0-4C3A-946A-39CA9140C0CF&TypeFile=html
1236233;http://www1.fips.ru/fips_servl/fips_servlet?DB=RUPAT&rn=9478&DocNumber=1236233&QID=F34A42C1-07F0-4C3A-946A-39CA9140C0CF&TypeFile=html
1442085;http://www1.fips.ru/fips_servl/fips_servlet?DB=RUPAT&rn=9478&DocNumber=1442085&QID=F34A42C1-07F0-4C3A-946A-39CA9140C0CF&TypeFile=html
343095;http://www1.fips.ru/fips_servl/fips_servlet?DB=RUPAT&rn=9478&DocNumber=343095&QID=F34A42C1-07F0-4C3A-946A-39CA9140C0CF&TypeFile=html
998786;http://www1.fips.ru/fips_servl/fips_servlet?DB=RUPAT&rn=9478&DocNumber=998786&QID=F34A42C1-07F0-4C3A-946A-39CA9140C0CF&TypeFile=html
1260604;http://www1.fips.ru/fips_servl/fips_servlet?DB=RUPAT&rn=9478&DocNumber=1260604&QID=F34A42C1-07F0-4C3A-946A-39CA9140C0CF&TypeFile=html
1455094;http://www1.fips.ru/fips_servl/fips_servlet?DB=RUPAT&rn=9478&DocNumber=1455094&QID=F34A42C1-07F0-4C3A-946A-39CA9140C0CF&TypeFile=html
428137;http://www1.fips.ru/fips_servl/fips_servlet?DB=RUPAT&rn=9478&DocNumber=428137&QID=F34A42C1-07F0-4C3A-946A-39CA9140C0CF&TypeFile=html
1000631;http://www1.fips.ru/fips_servl/fips_servlet?DB=RUPAT&rn=9478&DocNumber=1000631&QID=F34A42C1-07F0-4C3A-946A-39CA9140C0CF&TypeFile=html
1272033;http://www1.fips.ru/fips_servl/fips_servlet?DB=RUPAT&rn=9478&DocNumber=1272033&QID=F34A42C1-07F0-4C3A-946A-39CA9140C0CF&TypeFile=html
1456658;http://www1.fips.ru/fips_servl/fips_servlet?DB=RUPAT&rn=9478&DocNumber=1456658&QID=F34A42C1-07F0-4C3A-946A-39CA9140C0CF&TypeFile=html
495471;http://www1.fips.ru/fips_servl/fips_servlet?DB=RUPAT&rn=9478&DocNumber=495471&QID=F34A42C1-07F0-4C3A-946A-39CA9140C0CF&TypeFile=html
1010354;http://www1.fips.ru/fips_servl/fips_servlet?DB=RUPAT&rn=9478&DocNumber=1010354&QID=F34A42C1-07F0-4C3A-946A-39CA9140C0CF&TypeFile=html
1285234;http://www1.fips.ru/fips_servl/fips_servlet?DB=RUPAT&rn=9478&DocNumber=1285234&QID=F34A42C1-07F0-4C3A-946A-39CA9140C0CF&TypeFile=html
1471012;http://www1.fips.ru/fips_servl/fips_servlet?DB=RUPAT&rn=9478&DocNumber=1471012&QID=F34A42C1-07F0-4C3A-946A-39CA9140C0CF&TypeFile=html
523215;http://www1.fips.ru/fips_servl/fips_servlet?DB=RUPAT&rn=9478&DocNumber=523215&QID=F34A42C1-07F0-4C3A-946A-39CA9140C0CF&TypeFile=html
1015162;http://www1.fips.ru/fips_servl/fips_servlet?DB=RUPAT&rn=9478&DocNumber=1015162&QID=F34A42C1-07F0-4C3A-946A-39CA9140C0CF&TypeFile=html
1295089;http://www1.fips.ru/fips_servl/fips_servlet?DB=RUPAT&rn=9478&DocNumber=1295089&QID=F34A42C1-07F0-4C3A-946A-39CA9140C0CF&TypeFile=html
1474362;http://www1.fips.ru/fips_servl/fips_servlet?DB=RUPAT&rn=9478&DocNumber=1474362&QID=F34A42C1-07F0-4C3A-946A-39CA9140C0CF&TypeFile=html
527553;http://www1.fips.ru/fips_servl/fips_servlet?DB=RUPAT&rn=9478&DocNumber=527553&QID=F34A42C1-07F0-4C3A-946A-39CA9140C0CF&TypeFile=html
1020667;http://www1.fips.ru/fips_servl/fips_servlet?DB=RUPAT&rn=9478&DocNumber=1020667&QID=F34A42C1-07F0-4C3A-946A-39CA9140C0CF&TypeFile=html
1305476;http://www1.fips.ru/fips_servl/fips_servlet?DB=RUPAT&rn=9478&DocNumber=1305476&QID=F34A42C1-07F0-4C3A-946A-39CA9140C0CF&TypeFile=html
1477963;http://www1.fips.ru/fips_servl/fips_servlet?DB=RUPAT&rn=9478&DocNumber=1477963&QID=F34A42C1-07F0-4C3A-946A-39CA9140C0CF&TypeFile=html
588427;http://www1.fips.ru/fips_servl/fips_servlet?DB=RUPAT&rn=9478&DocNumber=588427&QID=F34A42C1-07F0-4C3A-946A-39CA9140C0CF&TypeFile=html
1021839;http://www1.fips.ru/fips_servl/fips_servlet?DB=RUPAT&rn=9478&DocNumber=1021839&QID=F34A42C1-07F0-4C3A-946A-39CA9140C0CF&TypeFile=html
1307129;http://www1.fips.ru/fips_servl/fips_servlet?DB=RUPAT&rn=9478&DocNumber=1307129&QID=F34A42C1-07F0-4C3A-946A-39CA9140C0CF&TypeFile=html
1477964;http://www1.fips.ru/fips_servl/fips_servlet?DB=RUPAT&rn=9478&DocNumber=1477964&QID=F34A42C1-07F0-4C3A-946A-39CA9140C0CF&TypeFile=html
616479;http://www1.fips.ru/fips_servl/fips_servlet?DB=RUPAT&rn=9478&DocNumber=616479&QID=F34A42C1-07F0-4C3A-946A-39CA9140C0CF&TypeFile=html
1025941;http://www1.fips.ru/fips_servl/fips_servlet?DB=RUPAT&rn=9478&DocNumber=1025941&QID=F34A42C1-07F0-4C3A-946A-39CA9140C0CF&TypeFile=html
1321965;http://www1.fips.ru/fips_servl/fips_servlet?DB=RUPAT&rn=9478&DocNumber=1321965&QID=F34A42C1-07F0-4C3A-946A-39CA9140C0CF&TypeFile=html
1481539;http://www1.fips.ru/fips_servl/fips_servlet?DB=RUPAT&rn=9478&DocNumber=1481539&QID=F34A42C1-07F0-4C3A-946A-39CA9140C0CF&TypeFile=html
626289;http://www1.fips.ru/fips_servl/fips_servlet?DB=RUPAT&rn=9478&DocNumber=626289&QID=F34A42C1-07F0-4C3A-946A-39CA9140C0CF&TypeFile=html
1036994;http://www1.fips.ru/fips_servl/fips_servlet?DB=RUPAT&rn=9478&DocNumber=1036994&QID=F34A42C1-07F0-4C3A-946A-39CA9140C0CF&TypeFile=html
1350417;http://www1.fips.ru/fips_servl/fips_servlet?DB=RUPAT&rn=9478&DocNumber=1350417&QID=F34A42C1-07F0-4C3A-946A-39CA9140C0CF&TypeFile=html
1497422;http://www1.fips.ru/fips_servl/fips_servlet?DB=RUPAT&rn=9478&DocNumber=1497422&QID=F34A42C1-07F0-4C3A-946A-39CA9140C0CF&TypeFile=html
638773;http://www1.fips.ru/fips_servl/fips_servlet?DB=RUPAT&rn=9478&DocNumber=638773&QID=F34A42C1-07F0-4C3A-946A-39CA9140C0CF&TypeFile=html
1043389;http://www1.fips.ru/fips_servl/fips_servlet?DB=RUPAT&rn=9478&DocNumber=1043389&QID=F34A42C1-07F0-4C3A-946A-39CA9140C0CF&TypeFile=html
1357629;http://www1.fips.ru/fips_servl/fips_servlet?DB=RUPAT&rn=9478&DocNumber=1357629&QID=F34A42C1-07F0-4C3A-946A-39CA9140C0CF&TypeFile=html
1499019;http://www1.fips.ru/fips_servl/fips_servlet?DB=RUPAT&rn=9478&DocNumber=1499019&QID=F34A42C1-07F0-4C3A-946A-39CA9140C0CF&TypeFile=html
691630;http://www1.fips.ru/fips_servl/fips_servlet?DB=RUPAT&rn=9478&DocNumber=691630&QID=F34A42C1-07F0-4C3A-946A-39CA9140C0CF&TypeFile=html
1044868;http://www1.fips.ru/fips_servl/fips_servlet?DB=RUPAT&rn=9478&DocNumber=1044868&QID=F34A42C1-07F0-4C3A-946A-39CA9140C0CF&TypeFile=html
1357633;http://www1.fips.ru/fips_servl/fips_servlet?DB=RUPAT&rn=9478&DocNumber=1357633&QID=F34A42C1-07F0-4C3A-946A-39CA9140C0CF&TypeFile=html
1504420;http://www1.fips.ru/fips_servl/fips_servlet?DB=RUPAT&rn=9478&DocNumber=1504420&QID=F34A42C1-07F0-4C3A-946A-39CA9140C0CF&TypeFile=html
1516698;http://www1.fips.ru/fips_servl/fips_servlet?DB=RUPAT&rn=3303&DocNumber=1516698&QID=F34A42C1-07F0-4C3A-946A-39CA9140C0CF&TypeFile=html
1753101;http://www1.fips.ru/fips_servl/fips_servlet?DB=RUPAT&rn=3303&DocNumber=1753101&QID=F34A42C1-07F0-4C3A-946A-39CA9140C0CF&TypeFile=html
1838692;http://www1.fips.ru/fips_servl/fips_servlet?DB=RUPAT&rn=3303&DocNumber=1838692&QID=F34A42C1-07F0-4C3A-946A-39CA9140C0CF&TypeFile=html
2085786;http://www1.fips.ru/fips_servl/fips_servlet?DB=RUPAT&rn=3303&DocNumber=2085786&QID=F34A42C1-07F0-4C3A-946A-39CA9140C0CF&TypeFile=html
1540795;http://www1.fips.ru/fips_servl/fips_servlet?DB=RUPAT&rn=3303&DocNumber=1540795&QID=F34A42C1-07F0-4C3A-946A-39CA9140C0CF&TypeFile=html
1753102;http://www1.fips.ru/fips_servl/fips_servlet?DB=RUPAT&rn=3303&DocNumber=1753102&QID=F34A42C1-07F0-4C3A-946A-39CA9140C0CF&TypeFile=html
2000504;http://www1.fips.ru/fips_servl/fips_servlet?DB=RUPAT&rn=3303&DocNumber=2000504&QID=F34A42C1-07F0-4C3A-946A-39CA9140C0CF&TypeFile=html
2094676;http://www1.fips.ru/fips_servl/fips_servlet?DB=RUPAT&rn=3303&DocNumber=2094676&QID=F34A42C1-07F0-4C3A-946A-39CA9140C0CF&TypeFile=html
1551897;http://www1.fips.ru/fips_servl/fips_servlet?DB=RUPAT&rn=3303&DocNumber=1551897&QID=F34A42C1-07F0-4C3A-946A-39CA9140C0CF&TypeFile=html
1758322;http://www1.fips.ru/fips_servl/fips_servlet?DB=RUPAT&rn=3303&DocNumber=1758322&QID=F34A42C1-07F0-4C3A-946A-39CA9140C0CF&TypeFile=html
2009635;http://www1.fips.ru/fips_servl/fips_servlet?DB=RUPAT&rn=3303&DocNumber=2009635&QID=F34A42C1-07F0-4C3A-946A-39CA9140C0CF&TypeFile=html
2098693;http://www1.fips.ru/fips_servl/fips_servlet?DB=RUPAT&rn=3303&DocNumber=2098693&QID=F34A42C1-07F0-4C3A-946A-39CA9140C0CF&TypeFile=html
1551898;http://www1.fips.ru/fips_servl/fips_servlet?DB=RUPAT&rn=3303&DocNumber=1551898&QID=F34A42C1-07F0-4C3A-946A-39CA9140C0CF&TypeFile=html
1763761;http://www1.fips.ru/fips_servl/fips_servlet?DB=RUPAT&rn=3303&DocNumber=1763761&QID=F34A42C1-07F0-4C3A-946A-39CA9140C0CF&TypeFile=html
2011066;http://www1.fips.ru/fips_servl/fips_servlet?DB=RUPAT&rn=3303&DocNumber=2011066&QID=F34A42C1-07F0-4C3A-946A-39CA9140C0CF&TypeFile=html
2098694;http://www1.fips.ru/fips_servl/fips_servlet?DB=RUPAT&rn=3303&DocNumber=2098694&QID=F34A42C1-07F0-4C3A-946A-39CA9140C0CF&TypeFile=html
1563319;http://www1.fips.ru/fips_servl/fips_servlet?DB=RUPAT&rn=3303&DocNumber=1563319&QID=F34A42C1-07F0-4C3A-946A-39CA9140C0CF&TypeFile=html
1768830;http://www1.fips.ru/fips_servl/fips_servlet?DB=RUPAT&rn=3303&DocNumber=1768830&QID=F34A42C1-07F0-4C3A-946A-39CA9140C0CF&TypeFile=html
2011067;http://www1.fips.ru/fips_servl/fips_servlet?DB=RUPAT&rn=3303&DocNumber=2011067&QID=F34A42C1-07F0-4C3A-946A-39CA9140C0CF&TypeFile=html
2099614;http://www1.fips.ru/fips_servl/fips_servlet?DB=RUPAT&rn=3303&DocNumber=2099614&QID=F34A42C1-07F0-4C3A-946A-39CA9140C0CF&TypeFile=html
1580093;http://www1.fips.ru/fips_servl/fips_servlet?DB=RUPAT&rn=3303&DocNumber=1580093&QID=F34A42C1-07F0-4C3A-946A-39CA9140C0CF&TypeFile=html
1768831;http://www1.fips.ru/fips_servl/fips_servlet?DB=RUPAT&rn=3303&DocNumber=1768831&QID=F34A42C1-07F0-4C3A-946A-39CA9140C0CF&TypeFile=html
2017031;http://www1.fips.ru/fips_servl/fips_servlet?DB=RUPAT&rn=3303&DocNumber=2017031&QID=F34A42C1-07F0-4C3A-946A-39CA9140C0CF&TypeFile=html
2112166;http://www1.fips.ru/fips_servl/fips_servlet?DB=RUPAT&rn=3303&DocNumber=2112166&QID=F34A42C1-07F0-4C3A-946A-39CA9140C0CF&TypeFile=html
1585577;http://www1.fips.ru/fips_servl/fips_servlet?DB=RUPAT&rn=3303&DocNumber=1585577&QID=F34A42C1-07F0-4C3A-946A-39CA9140C0CF&TypeFile=html
1768853;http://www1.fips.ru/fips_servl/fips_servlet?DB=RUPAT&rn=3303&DocNumber=1768853&QID=F34A42C1-07F0-4C3A-946A-39CA9140C0CF&TypeFile=html
2019764;http://www1.fips.ru/fips_servl/fips_servlet?DB=RUPAT&rn=3303&DocNumber=2019764&QID=F34A42C1-07F0-4C3A-946A-39CA9140C0CF&TypeFile=html
2117835;http://www1.fips.ru/fips_servl/fips_servlet?DB=RUPAT&rn=3303&DocNumber=2117835&QID=F34A42C1-07F0-4C3A-946A-39CA9140C0CF&TypeFile=html
1594329;http://www1.fips.ru/fips_servl/fips_servlet?DB=RUPAT&rn=3303&DocNumber=1594329&QID=F34A42C1-07F0-4C3A-946A-39CA9140C0CF&TypeFile=html
1770642;http://www1.fips.ru/fips_servl/fips_servlet?DB=RUPAT&rn=3303&DocNumber=1770642&QID=F34A42C1-07F0-4C3A-946A-39CA9140C0CF&TypeFile=html
2020328;http://www1.fips.ru/fips_servl/fips_servlet?DB=RUPAT&rn=3303&DocNumber=2020328&QID=F34A42C1-07F0-4C3A-946A-39CA9140C0CF&TypeFile=html
2123627;http://www1.fips.ru/fips_servl/fips_servlet?DB=RUPAT&rn=3303&DocNumber=2123627&QID=F34A42C1-07F0-4C3A-946A-39CA9140C0CF&TypeFile=html
1610137;http://www1.fips.ru/fips_servl/fips_servlet?DB=RUPAT&rn=3303&DocNumber=1610137&QID=F34A42C1-07F0-4C3A-946A-39CA9140C0CF&TypeFile=html
1772503;http://www1.fips.ru/fips_servl/fips_servlet?DB=RUPAT&rn=3303&DocNumber=1772503&QID=F34A42C1-07F0-4C3A-946A-39CA9140C0CF&TypeFile=html
2025617;http://www1.fips.ru/fips_servl/fips_servlet?DB=RUPAT&rn=3303&DocNumber=2025617&QID=F34A42C1-07F0-4C3A-946A-39CA9140C0CF&TypeFile=html
2126918;http://www1.fips.ru/fips_servl/fips_servlet?DB=RUPAT&rn=3303&DocNumber=2126918&QID=F34A42C1-07F0-4C3A-946A-39CA9140C0CF&TypeFile=html
1610138;http://www1.fips.ru/fips_servl/fips_servlet?DB=RUPAT&rn=3303&DocNumber=1610138&QID=F34A42C1-07F0-4C3A-946A-39CA9140C0CF&TypeFile=html
1776899;http://www1.fips.ru/fips_servl/fips_servlet?DB=RUPAT&rn=3303&DocNumber=1776899&QID=F34A42C1-07F0-4C3A-946A-39CA9140C0CF&TypeFile=html
2029169;http://www1.fips.ru/fips_servl/fips_servlet?DB=RUPAT&rn=3303&DocNumber=2029169&QID=F34A42C1-07F0-4C3A-946A-39CA9140C0CF&TypeFile=html
2130140;http://www1.fips.ru/fips_servl/fips_servlet?DB=RUPAT&rn=3303&DocNumber=2130140&QID=F34A42C1-07F0-4C3A-946A-39CA9140C0CF&TypeFile=html
1610144;http://www1.fips.ru/fips_servl/fips_servlet?DB=RUPAT&rn=3303&DocNumber=1610144&QID=F34A42C1-07F0-4C3A-946A-39CA9140C0CF&TypeFile=html
1778392;http://www1.fips.ru/fips_servl/fips_servlet?DB=RUPAT&rn=3303&DocNumber=1778392&QID=F34A42C1-07F0-4C3A-946A-39CA9140C0CF&TypeFile=html
2029170;http://www1.fips.ru/fips_servl/fips_servlet?DB=RUPAT&rn=3303&DocNumber=2029170&QID=F34A42C1-07F0-4C3A-946A-39CA9140C0CF&TypeFile=html
2141066;http://www1.fips.ru/fips_servl/fips_servlet?DB=RUPAT&rn=3303&DocNumber=2141066&QID=F34A42C1-07F0-4C3A-946A-39CA9140C0CF&TypeFile=html
1618937;http://www1.fips.ru/fips_servl/fips_servlet?DB=RUPAT&rn=3303&DocNumber=1618937&QID=F34A42C1-07F0-4C3A-946A-39CA9140C0CF&TypeFile=html
1778393;http://www1.fips.ru/fips_servl/fips_servlet?DB=RUPAT&rn=3303&DocNumber=1778393&QID=F34A42C1-07F0-4C3A-946A-39CA9140C0CF&TypeFile=html
2029171;http://www1.fips.ru/fips_servl/fips_servlet?DB=RUPAT&rn=3303&DocNumber=2029171&QID=F34A42C1-07F0-4C3A-946A-39CA9140C0CF&TypeFile=html
2145016;http://www1.fips.ru/fips_servl/fips_servlet?DB=RUPAT&rn=3303&DocNumber=2145016&QID=F34A42C1-07F0-4C3A-946A-39CA9140C0CF&TypeFile=html
1618938;http://www1.fips.ru/fips_servl/fips_servlet?DB=RUPAT&rn=3303&DocNumber=1618938&QID=F34A42C1-07F0-4C3A-946A-39CA9140C0CF&TypeFile=html
1778394;http://www1.fips.ru/fips_servl/fips_servlet?DB=RUPAT&rn=3303&DocNumber=1778394&QID=F34A42C1-07F0-4C3A-946A-39CA9140C0CF&TypeFile=html
2029172;http://www1.fips.ru/fips_servl/fips_servlet?DB=RUPAT&rn=3303&DocNumber=2029172&QID=F34A42C1-07F0-4C3A-946A-39CA9140C0CF&TypeFile=html
2150623;http://www1.fips.ru/fips_servl/fips_servlet?DB=RUPAT&rn=3303&DocNumber=2150623&QID=F34A42C1-07F0-4C3A-946A-39CA9140C0CF&TypeFile=html
1634876;http://www1.fips.ru/fips_servl/fips_servlet?DB=RUPAT&rn=3303&DocNumber=1634876&QID=F34A42C1-07F0-4C3A-946A-39CA9140C0CF&TypeFile=html
1778415;http://www1.fips.ru/fips_servl/fips_servlet?DB=RUPAT&rn=3303&DocNumber=1778415&QID=F34A42C1-07F0-4C3A-946A-39CA9140C0CF&TypeFile=html
2032121;http://www1.fips.ru/fips_servl/fips_servlet?DB=RUPAT&rn=3303&DocNumber=2032121&QID=F34A42C1-07F0-4C3A-946A-39CA9140C0CF&TypeFile=html
2153613;http://www1.fips.ru/fips_servl/fips_servlet?DB=RUPAT&rn=3303&DocNumber=2153613&QID=F34A42C1-07F0-4C3A-946A-39CA9140C0CF&TypeFile=html
1634877;http://www1.fips.ru/fips_servl/fips_servlet?DB=RUPAT&rn=3303&DocNumber=1634877&QID=F34A42C1-07F0-4C3A-946A-39CA9140C0CF&TypeFile=html
1778416;http://www1.fips.ru/fips_servl/fips_servlet?DB=RUPAT&rn=3303&DocNumber=1778416&QID=F34A42C1-07F0-4C3A-946A-39CA9140C0CF&TypeFile=html
2032122;http://www1.fips.ru/fips_servl/fips_servlet?DB=RUPAT&rn=3303&DocNumber=2032122&QID=F34A42C1-07F0-4C3A-946A-39CA9140C0CF&TypeFile=html
2161278;http://www1.fips.ru/fips_servl/fips_servlet?DB=RUPAT&rn=3303&DocNumber=2161278&QID=F34A42C1-07F0-4C3A-946A-39CA9140C0CF&TypeFile=html
1642144;http://www1.fips.ru/fips_servl/fips_servlet?DB=RUPAT&rn=3303&DocNumber=1642144&QID=F34A42C1-07F0-4C3A-946A-39CA9140C0CF&TypeFile=html
1786315;http://www1.fips.ru/fips_servl/fips_servlet?DB=RUPAT&rn=3303&DocNumber=1786315&QID=F34A42C1-07F0-4C3A-946A-39CA9140C0CF&TypeFile=html
2036352;http://www1.fips.ru/fips_servl/fips_servlet?DB=RUPAT&rn=3303&DocNumber=2036352&QID=F34A42C1-07F0-4C3A-946A-39CA9140C0CF&TypeFile=html
2165552;http://www1.fips.ru/fips_servl/fips_servlet?DB=RUPAT&rn=3303&DocNumber=2165552&QID=F34A42C1-07F0-4C3A-946A-39CA9140C0CF&TypeFile=html
1657797;http://www1.fips.ru/fips_servl/fips_servlet?DB=RUPAT&rn=3303&DocNumber=1657797&QID=F34A42C1-07F0-4C3A-946A-39CA9140C0CF&TypeFile=html
1786323;http://www1.fips.ru/fips_servl/fips_servlet?DB=RUPAT&rn=3303&DocNumber=1786323&QID=F34A42C1-07F0-4C3A-946A-39CA9140C0CF&TypeFile=html
2036353;http://www1.fips.ru/fips_servl/fips_servlet?DB=RUPAT&rn=3303&DocNumber=2036353&QID=F34A42C1-07F0-4C3A-946A-39CA9140C0CF&TypeFile=html
2169298;http://www1.fips.ru/fips_servl/fips_servlet?DB=RUPAT&rn=3303&DocNumber=2169298&QID=F34A42C1-07F0-4C3A-946A-39CA9140C0CF&TypeFile=html
1657806;http://www1.fips.ru/fips_servl/fips_servlet?DB=RUPAT&rn=3303&DocNumber=1657806&QID=F34A42C1-07F0-4C3A-946A-39CA9140C0CF&TypeFile=html
1796811;http://www1.fips.ru/fips_servl/fips_servlet?DB=RUPAT&rn=3303&DocNumber=1796811&QID=F34A42C1-07F0-4C3A-946A-39CA9140C0CF&TypeFile=html
2036354;http://www1.fips.ru/fips_servl/fips_servlet?DB=RUPAT&rn=3303&DocNumber=2036354&QID=F34A42C1-07F0-4C3A-946A-39CA9140C0CF&TypeFile=html
2172457;http://www1.fips.ru/fips_servl/fips_servlet?DB=RUPAT&rn=3303&DocNumber=2172457&QID=F34A42C1-07F0-4C3A-946A-39CA9140C0CF&TypeFile=html
1677416;http://www1.fips.ru/fips_servl/fips_servlet?DB=RUPAT&rn=3303&DocNumber=1677416&QID=F34A42C1-07F0-4C3A-946A-39CA9140C0CF&TypeFile=html
1796812;http://www1.fips.ru/fips_servl/fips_servlet?DB=RUPAT&rn=3303&DocNumber=1796812&QID=F34A42C1-07F0-4C3A-946A-39CA9140C0CF&TypeFile=html
2036361;http://www1.fips.ru/fips_servl/fips_servlet?DB=RUPAT&rn=3303&DocNumber=2036361&QID=F34A42C1-07F0-4C3A-946A-39CA9140C0CF&TypeFile=html
2175086;http://www1.fips.ru/fips_servl/fips_servlet?DB=RUPAT&rn=3303&DocNumber=2175086&QID=F34A42C1-07F0-4C3A-946A-39CA9140C0CF&TypeFile=html
1677417;http://www1.fips.ru/fips_servl/fips_servlet?DB=RUPAT&rn=3303&DocNumber=1677417&QID=F34A42C1-07F0-4C3A-946A-39CA9140C0CF&TypeFile=html
1820094;http://www1.fips.ru/fips_servl/fips_servlet?DB=RUPAT&rn=3303&DocNumber=1820094&QID=F34A42C1-07F0-4C3A-946A-39CA9140C0CF&TypeFile=html
2050487;http://www1.fips.ru/fips_servl/fips_servlet?DB=RUPAT&rn=3303&DocNumber=2050487&QID=F34A42C1-07F0-4C3A-946A-39CA9140C0CF&TypeFile=html
2177090;http://www1.fips.ru/fips_servl/fips_servlet?DB=RUPAT&rn=3303&DocNumber=2177090&QID=F34A42C1-07F0-4C3A-946A-39CA9140C0CF&TypeFile=html
1703902;http://www1.fips.ru/fips_servl/fips_servlet?DB=RUPAT&rn=3303&DocNumber=1703902&QID=F34A42C1-07F0-4C3A-946A-39CA9140C0CF&TypeFile=html
1821596;http://www1.fips.ru/fips_servl/fips_servlet?DB=RUPAT&rn=3303&DocNumber=1821596&QID=F34A42C1-07F0-4C3A-946A-39CA9140C0CF&TypeFile=html
2054592;http://www1.fips.ru/fips_servl/fips_servlet?DB=RUPAT&rn=3303&DocNumber=2054592&QID=F34A42C1-07F0-4C3A-946A-39CA9140C0CF&TypeFile=html
2202059;http://www1.fips.ru/fips_servl/fips_servlet?DB=RUPAT&rn=3303&DocNumber=2202059&QID=F34A42C1-07F0-4C3A-946A-39CA9140C0CF&TypeFile=html
1714249;http://www1.fips.ru/fips_servl/fips_servlet?DB=RUPAT&rn=3303&DocNumber=1714249&QID=F34A42C1-07F0-4C3A-946A-39CA9140C0CF&TypeFile=html
1825913;http://www1.fips.ru/fips_servl/fips_servlet?DB=RUPAT&rn=3303&DocNumber=1825913&QID=F34A42C1-07F0-4C3A-946A-39CA9140C0CF&TypeFile=html
2059131;http://www1.fips.ru/fips_servl/fips_servlet?DB=RUPAT&rn=3303&DocNumber=2059131&QID=F34A42C1-07F0-4C3A-946A-39CA9140C0CF&TypeFile=html
2205998;http://www1.fips.ru/fips_servl/fips_servlet?DB=RUPAT&rn=3303&DocNumber=2205998&QID=F34A42C1-07F0-4C3A-946A-39CA9140C0CF&TypeFile=html
1740832;http://www1.fips.ru/fips_servl/fips_servlet?DB=RUPAT&rn=3303&DocNumber=1740832&QID=F34A42C1-07F0-4C3A-946A-39CA9140C0CF&TypeFile=html
1825914;http://www1.fips.ru/fips_servl/fips_servlet?DB=RUPAT&rn=3303&DocNumber=1825914&QID=F34A42C1-07F0-4C3A-946A-39CA9140C0CF&TypeFile=html
2068131;http://www1.fips.ru/fips_servl/fips_servlet?DB=RUPAT&rn=3303&DocNumber=2068131&QID=F34A42C1-07F0-4C3A-946A-39CA9140C0CF&TypeFile=html
2206805;http://www1.fips.ru/fips_servl/fips_servlet?DB=RUPAT&rn=3303&DocNumber=2206805&QID=F34A42C1-07F0-4C3A-946A-39CA9140C0CF&TypeFile=html
1747772;http://www1.fips.ru/fips_servl/fips_servlet?DB=RUPAT&rn=3303&DocNumber=1747772&QID=F34A42C1-07F0-4C3A-946A-39CA9140C0CF&TypeFile=html
1827469;http://www1.fips.ru/fips_servl/fips_servlet?DB=RUPAT&rn=3303&DocNumber=1827469&QID=F34A42C1-07F0-4C3A-946A-39CA9140C0CF&TypeFile=html
2072712;http://www1.fips.ru/fips_servl/fips_servlet?DB=RUPAT&rn=3303&DocNumber=2072712&QID=F34A42C1-07F0-4C3A-946A-39CA9140C0CF&TypeFile=html
2217633;http://www1.fips.ru/fips_servl/fips_servlet?DB=RUPAT&rn=3303&DocNumber=2217633&QID=F34A42C1-07F0-4C3A-946A-39CA9140C0CF&TypeFile=html
1749580;http://www1.fips.ru/fips_servl/fips_servlet?DB=RUPAT&rn=3303&DocNumber=1749580&QID=F34A42C1-07F0-4C3A-946A-39CA9140C0CF&TypeFile=html
1832169;http://www1.fips.ru/fips_servl/fips_servlet?DB=RUPAT&rn=3303&DocNumber=1832169&QID=F34A42C1-07F0-4C3A-946A-39CA9140C0CF&TypeFile=html
2075670;http://www1.fips.ru/fips_servl/fips_servlet?DB=RUPAT&rn=3303&DocNumber=2075670&QID=F34A42C1-07F0-4C3A-946A-39CA9140C0CF&TypeFile=html
2229045;http://www1.fips.ru/fips_servl/fips_servlet?DB=RUPAT&rn=3303&DocNumber=2229045&QID=F34A42C1-07F0-4C3A-946A-39CA9140C0CF&TypeFile=html
2229640;http://www1.fips.ru/fips_servl/fips_servlet?DB=RUPAT&rn=4728&DocNumber=2229640&QID=F34A42C1-07F0-4C3A-946A-39CA9140C0CF&TypeFile=html
2327914;http://www1.fips.ru/fips_servl/fips_servlet?DB=RUPAT&rn=4728&DocNumber=2327914&QID=F34A42C1-07F0-4C3A-946A-39CA9140C0CF&TypeFile=html
2460917;http://www1.fips.ru/fips_servl/fips_servlet?DB=RUPAT&rn=4728&DocNumber=2460917&QID=F34A42C1-07F0-4C3A-946A-39CA9140C0CF&TypeFile=html
2520887;http://www1.fips.ru/fips_servl/fips_servlet?DB=RUPAT&rn=4728&DocNumber=2520887&QID=F34A42C1-07F0-4C3A-946A-39CA9140C0CF&TypeFile=html
2232317;http://www1.fips.ru/fips_servl/fips_servlet?DB=RUPAT&rn=4728&DocNumber=2232317&QID=F34A42C1-07F0-4C3A-946A-39CA9140C0CF&TypeFile=html
2336449;http://www1.fips.ru/fips_servl/fips_servlet?DB=RUPAT&rn=4728&DocNumber=2336449&QID=F34A42C1-07F0-4C3A-946A-39CA9140C0CF&TypeFile=html
2460920;http://www1.fips.ru/fips_servl/fips_servlet?DB=RUPAT&rn=4728&DocNumber=2460920&QID=F34A42C1-07F0-4C3A-946A-39CA9140C0CF&TypeFile=html
2522185;http://www1.fips.ru/fips_servl/fips_servlet?DB=RUPAT&rn=4728&DocNumber=2522185&QID=F34A42C1-07F0-4C3A-946A-39CA9140C0CF&TypeFile=html
2241879;http://www1.fips.ru/fips_servl/fips_servlet?DB=RUPAT&rn=4728&DocNumber=2241879&QID=F34A42C1-07F0-4C3A-946A-39CA9140C0CF&TypeFile=html
2338102;http://www1.fips.ru/fips_servl/fips_servlet?DB=RUPAT&rn=4728&DocNumber=2338102&QID=F34A42C1-07F0-4C3A-946A-39CA9140C0CF&TypeFile=html
2462631;http://www1.fips.ru/fips_servl/fips_servlet?DB=RUPAT&rn=4728&DocNumber=2462631&QID=F34A42C1-07F0-4C3A-946A-39CA9140C0CF&TypeFile=html
2529943;http://www1.fips.ru/fips_servl/fips_servlet?DB=RUPAT&rn=4728&DocNumber=2529943&QID=F34A42C1-07F0-4C3A-946A-39CA9140C0CF&TypeFile=html
2244181;http://www1.fips.ru/fips_servl/fips_servlet?DB=RUPAT&rn=4728&DocNumber=2244181&QID=F34A42C1-07F0-4C3A-946A-39CA9140C0CF&TypeFile=html
2338103;http://www1.fips.ru/fips_servl/fips_servlet?DB=RUPAT&rn=4728&DocNumber=2338103&QID=F34A42C1-07F0-4C3A-946A-39CA9140C0CF&TypeFile=html
2466314;http://www1.fips.ru/fips_servl/fips_servlet?DB=RUPAT&rn=4728&DocNumber=2466314&QID=F34A42C1-07F0-4C3A-946A-39CA9140C0CF&TypeFile=html
2530809;http://www1.fips.ru/fips_servl/fips_servlet?DB=RUPAT&rn=4728&DocNumber=2530809&QID=F34A42C1-07F0-4C3A-946A-39CA9140C0CF&TypeFile=html
2247882;http://www1.fips.ru/fips_servl/fips_servlet?DB=RUPAT&rn=4728&DocNumber=2247882&QID=F34A42C1-07F0-4C3A-946A-39CA9140C0CF&TypeFile=html
2338105;http://www1.fips.ru/fips_servl/fips_servlet?DB=RUPAT&rn=4728&DocNumber=2338105&QID=F34A42C1-07F0-4C3A-946A-39CA9140C0CF&TypeFile=html
2469882;http://www1.fips.ru/fips_servl/fips_servlet?DB=RUPAT&rn=4728&DocNumber=2469882&QID=F34A42C1-07F0-4C3A-946A-39CA9140C0CF&TypeFile=html
2531430;http://www1.fips.ru/fips_servl/fips_servlet?DB=RUPAT&rn=4728&DocNumber=2531430&QID=F34A42C1-07F0-4C3A-946A-39CA9140C0CF&TypeFile=html
2251038;http://www1.fips.ru/fips_servl/fips_servlet?DB=RUPAT&rn=4728&DocNumber=2251038&QID=F34A42C1-07F0-4C3A-946A-39CA9140C0CF&TypeFile=html
2338883;http://www1.fips.ru/fips_servl/fips_servlet?DB=RUPAT&rn=4728&DocNumber=2338883&QID=F34A42C1-07F0-4C3A-946A-39CA9140C0CF&TypeFile=html
2470204;http://www1.fips.ru/fips_servl/fips_servlet?DB=RUPAT&rn=4728&DocNumber=2470204&QID=F34A42C1-07F0-4C3A-946A-39CA9140C0CF&TypeFile=html
2532322;http://www1.fips.ru/fips_servl/fips_servlet?DB=RUPAT&rn=4728&DocNumber=2532322&QID=F34A42C1-07F0-4C3A-946A-39CA9140C0CF&TypeFile=html
2258850;http://www1.fips.ru/fips_servl/fips_servlet?DB=RUPAT&rn=4728&DocNumber=2258850&QID=F34A42C1-07F0-4C3A-946A-39CA9140C0CF&TypeFile=html
2360160;http://www1.fips.ru/fips_servl/fips_servlet?DB=RUPAT&rn=4728&DocNumber=2360160&QID=F34A42C1-07F0-4C3A-946A-39CA9140C0CF&TypeFile=html
2475662;http://www1.fips.ru/fips_servl/fips_servlet?DB=RUPAT&rn=4728&DocNumber=2475662&QID=F34A42C1-07F0-4C3A-946A-39CA9140C0CF&TypeFile=html
2535369;http://www1.fips.ru/fips_servl/fips_servlet?DB=RUPAT&rn=4728&DocNumber=2535369&QID=F34A42C1-07F0-4C3A-946A-39CA9140C0CF&TypeFile=html
2260152;http://www1.fips.ru/fips_servl/fips_servlet?DB=RUPAT&rn=4728&DocNumber=2260152&QID=F34A42C1-07F0-4C3A-946A-39CA9140C0CF&TypeFile=html
2362072;http://www1.fips.ru/fips_servl/fips_servlet?DB=RUPAT&rn=4728&DocNumber=2362072&QID=F34A42C1-07F0-4C3A-946A-39CA9140C0CF&TypeFile=html
2478848;http://www1.fips.ru/fips_servl/fips_servlet?DB=RUPAT&rn=4728&DocNumber=2478848&QID=F34A42C1-07F0-4C3A-946A-39CA9140C0CF&TypeFile=html
2535370;http://www1.fips.ru/fips_servl/fips_servlet?DB=RUPAT&rn=4728&DocNumber=2535370&QID=F34A42C1-07F0-4C3A-946A-39CA9140C0CF&TypeFile=html
2269706;http://www1.fips.ru/fips_servl/fips_servlet?DB=RUPAT&rn=4728&DocNumber=2269706&QID=F34A42C1-07F0-4C3A-946A-39CA9140C0CF&TypeFile=html
2370693;http://www1.fips.ru/fips_servl/fips_servlet?DB=RUPAT&rn=4728&DocNumber=2370693&QID=F34A42C1-07F0-4C3A-946A-39CA9140C0CF&TypeFile=html
2482349;http://www1.fips.ru/fips_servl/fips_servlet?DB=RUPAT&rn=4728&DocNumber=2482349&QID=F34A42C1-07F0-4C3A-946A-39CA9140C0CF&TypeFile=html
2538478;http://www1.fips.ru/fips_servl/fips_servlet?DB=RUPAT&rn=4728&DocNumber=2538478&QID=F34A42C1-07F0-4C3A-946A-39CA9140C0CF&TypeFile=html
2273777;http://www1.fips.ru/fips_servl/fips_servlet?DB=RUPAT&rn=4728&DocNumber=2273777&QID=F34A42C1-07F0-4C3A-946A-39CA9140C0CF&TypeFile=html
2380595;http://www1.fips.ru/fips_servl/fips_servlet?DB=RUPAT&rn=4728&DocNumber=2380595&QID=F34A42C1-07F0-4C3A-946A-39CA9140C0CF&TypeFile=html
2482350;http://www1.fips.ru/fips_servl/fips_servlet?DB=RUPAT&rn=4728&DocNumber=2482350&QID=F34A42C1-07F0-4C3A-946A-39CA9140C0CF&TypeFile=html
2540225;http://www1.fips.ru/fips_servl/fips_servlet?DB=RUPAT&rn=4728&DocNumber=2540225&QID=F34A42C1-07F0-4C3A-946A-39CA9140C0CF&TypeFile=html
2285163;http://www1.fips.ru/fips_servl/fips_servlet?DB=RUPAT&rn=4728&DocNumber=2285163&QID=F34A42C1-07F0-4C3A-946A-39CA9140C0CF&TypeFile=html
2386065;http://www1.fips.ru/fips_servl/fips_servlet?DB=RUPAT&rn=4728&DocNumber=2386065&QID=F34A42C1-07F0-4C3A-946A-39CA9140C0CF&TypeFile=html
2491454;http://www1.fips.ru/fips_servl/fips_servlet?DB=RUPAT&rn=4728&DocNumber=2491454&QID=F34A42C1-07F0-4C3A-946A-39CA9140C0CF&TypeFile=html
2550598;http://www1.fips.ru/fips_servl/fips_servlet?DB=RUPAT&rn=4728&DocNumber=2550598&QID=F34A42C1-07F0-4C3A-946A-39CA9140C0CF&TypeFile=html
2292501;http://www1.fips.ru/fips_servl/fips_servlet?DB=RUPAT&rn=4728&DocNumber=2292501&QID=F34A42C1-07F0-4C3A-946A-39CA9140C0CF&TypeFile=html
2392515;http://www1.fips.ru/fips_servl/fips_servlet?DB=RUPAT&rn=4728&DocNumber=2392515&QID=F34A42C1-07F0-4C3A-946A-39CA9140C0CF&TypeFile=html
2491455;http://www1.fips.ru/fips_servl/fips_servlet?DB=RUPAT&rn=4728&DocNumber=2491455&QID=F34A42C1-07F0-4C3A-946A-39CA9140C0CF&TypeFile=html
2564556;http://www1.fips.ru/fips_servl/fips_servlet?DB=RUPAT&rn=4728&DocNumber=2564556&QID=F34A42C1-07F0-4C3A-946A-39CA9140C0CF&TypeFile=html
2294587;http://www1.fips.ru/fips_servl/fips_servlet?DB=RUPAT&rn=4728&DocNumber=2294587&QID=F34A42C1-07F0-4C3A-946A-39CA9140C0CF&TypeFile=html
2399813;http://www1.fips.ru/fips_servl/fips_servlet?DB=RUPAT&rn=4728&DocNumber=2399813&QID=F34A42C1-07F0-4C3A-946A-39CA9140C0CF&TypeFile=html
2492376;http://www1.fips.ru/fips_servl/fips_servlet?DB=RUPAT&rn=4728&DocNumber=2492376&QID=F34A42C1-07F0-4C3A-946A-39CA9140C0CF&TypeFile=html
2570617;http://www1.fips.ru/fips_servl/fips_servlet?DB=RUPAT&rn=4728&DocNumber=2570617&QID=F34A42C1-07F0-4C3A-946A-39CA9140C0CF&TypeFile=html
2303724;http://www1.fips.ru/fips_servl/fips_servlet?DB=RUPAT&rn=4728&DocNumber=2303724&QID=F34A42C1-07F0-4C3A-946A-39CA9140C0CF&TypeFile=html
2402433;http://www1.fips.ru/fips_servl/fips_servlet?DB=RUPAT&rn=4728&DocNumber=2402433&QID=F34A42C1-07F0-4C3A-946A-39CA9140C0CF&TypeFile=html
2493453;http://www1.fips.ru/fips_servl/fips_servlet?DB=RUPAT&rn=4728&DocNumber=2493453&QID=F34A42C1-07F0-4C3A-946A-39CA9140C0CF&TypeFile=html
2571313;http://www1.fips.ru/fips_servl/fips_servlet?DB=RUPAT&rn=4728&DocNumber=2571313&QID=F34A42C1-07F0-4C3A-946A-39CA9140C0CF&TypeFile=html
2303725;http://www1.fips.ru/fips_servl/fips_servlet?DB=RUPAT&rn=4728&DocNumber=2303725&QID=F34A42C1-07F0-4C3A-946A-39CA9140C0CF&TypeFile=html
2402708;http://www1.fips.ru/fips_servl/fips_servlet?DB=RUPAT&rn=4728&DocNumber=2402708&QID=F34A42C1-07F0-4C3A-946A-39CA9140C0CF&TypeFile=html
2497030;http://www1.fips.ru/fips_servl/fips_servlet?DB=RUPAT&rn=4728&DocNumber=2497030&QID=F34A42C1-07F0-4C3A-946A-39CA9140C0CF&TypeFile=html
2580598;http://www1.fips.ru/fips_servl/fips_servlet?DB=RUPAT&rn=4728&DocNumber=2580598&QID=F34A42C1-07F0-4C3A-946A-39CA9140C0CF&TypeFile=html
2310111;http://www1.fips.ru/fips_servl/fips_servlet?DB=RUPAT&rn=4728&DocNumber=2310111&QID=F34A42C1-07F0-4C3A-946A-39CA9140C0CF&TypeFile=html
2402709;http://www1.fips.ru/fips_servl/fips_servlet?DB=RUPAT&rn=4728&DocNumber=2402709&QID=F34A42C1-07F0-4C3A-946A-39CA9140C0CF&TypeFile=html
2502002;http://www1.fips.ru/fips_servl/fips_servlet?DB=RUPAT&rn=4728&DocNumber=2502002&QID=F34A42C1-07F0-4C3A-946A-39CA9140C0CF&TypeFile=html
2581107;http://www1.fips.ru/fips_servl/fips_servlet?DB=RUPAT&rn=4728&DocNumber=2581107&QID=F34A42C1-07F0-4C3A-946A-39CA9140C0CF&TypeFile=html
2312260;http://www1.fips.ru/fips_servl/fips_servlet?DB=RUPAT&rn=4728&DocNumber=2312260&QID=F34A42C1-07F0-4C3A-946A-39CA9140C0CF&TypeFile=html
2406896;http://www1.fips.ru/fips_servl/fips_servlet?DB=RUPAT&rn=4728&DocNumber=2406896&QID=F34A42C1-07F0-4C3A-946A-39CA9140C0CF&TypeFile=html
2502904;http://www1.fips.ru/fips_servl/fips_servlet?DB=RUPAT&rn=4728&DocNumber=2502904&QID=F34A42C1-07F0-4C3A-946A-39CA9140C0CF&TypeFile=html
2585699;http://www1.fips.ru/fips_servl/fips_servlet?DB=RUPAT&rn=4728&DocNumber=2585699&QID=F34A42C1-07F0-4C3A-946A-39CA9140C0CF&TypeFile=html
2313016;http://www1.fips.ru/fips_servl/fips_servlet?DB=RUPAT&rn=4728&DocNumber=2313016&QID=F34A42C1-07F0-4C3A-946A-39CA9140C0CF&TypeFile=html
2406897;http://www1.fips.ru/fips_servl/fips_servlet?DB=RUPAT&rn=4728&DocNumber=2406897&QID=F34A42C1-07F0-4C3A-946A-39CA9140C0CF&TypeFile=html
2506477;http://www1.fips.ru/fips_servl/fips_servlet?DB=RUPAT&rn=4728&DocNumber=2506477&QID=F34A42C1-07F0-4C3A-946A-39CA9140C0CF&TypeFile=html
2589765;http://www1.fips.ru/fips_servl/fips_servlet?DB=RUPAT&rn=4728&DocNumber=2589765&QID=F34A42C1-07F0-4C3A-946A-39CA9140C0CF&TypeFile=html
2313706;http://www1.fips.ru/fips_servl/fips_servlet?DB=RUPAT&rn=4728&DocNumber=2313706&QID=F34A42C1-07F0-4C3A-946A-39CA9140C0CF&TypeFile=html
2420678;http://www1.fips.ru/fips_servl/fips_servlet?DB=RUPAT&rn=4728&DocNumber=2420678&QID=F34A42C1-07F0-4C3A-946A-39CA9140C0CF&TypeFile=html
2506685;http://www1.fips.ru/fips_servl/fips_servlet?DB=RUPAT&rn=4728&DocNumber=2506685&QID=F34A42C1-07F0-4C3A-946A-39CA9140C0CF&TypeFile=html
2593167;http://www1.fips.ru/fips_servl/fips_servlet?DB=RUPAT&rn=4728&DocNumber=2593167&QID=F34A42C1-07F0-4C3A-946A-39CA9140C0CF&TypeFile=html
2313707;http://www1.fips.ru/fips_servl/fips_servlet?DB=RUPAT&rn=4728&DocNumber=2313707&QID=F34A42C1-07F0-4C3A-946A-39CA9140C0CF&TypeFile=html
2435085;http://www1.fips.ru/fips_servl/fips_servlet?DB=RUPAT&rn=4728&DocNumber=2435085&QID=F34A42C1-07F0-4C3A-946A-39CA9140C0CF&TypeFile=html
2509240;http://www1.fips.ru/fips_servl/fips_servlet?DB=RUPAT&rn=4728&DocNumber=2509240&QID=F34A42C1-07F0-4C3A-946A-39CA9140C0CF&TypeFile=html
2593223;http://www1.fips.ru/fips_servl/fips_servlet?DB=RUPAT&rn=4728&DocNumber=2593223&QID=F34A42C1-07F0-4C3A-946A-39CA9140C0CF&TypeFile=html
2323378;http://www1.fips.ru/fips_servl/fips_servlet?DB=RUPAT&rn=4728&DocNumber=2323378&QID=F34A42C1-07F0-4C3A-946A-39CA9140C0CF&TypeFile=html
2445529;http://www1.fips.ru/fips_servl/fips_servlet?DB=RUPAT&rn=4728&DocNumber=2445529&QID=F34A42C1-07F0-4C3A-946A-39CA9140C0CF&TypeFile=html
2516907;http://www1.fips.ru/fips_servl/fips_servlet?DB=RUPAT&rn=4728&DocNumber=2516907&QID=F34A42C1-07F0-4C3A-946A-39CA9140C0CF&TypeFile=html
2594310;http://www1.fips.ru/fips_servl/fips_servlet?DB=RUPAT&rn=4728&DocNumber=2594310&QID=F34A42C1-07F0-4C3A-946A-39CA9140C0CF&TypeFile=html
2327069;http://www1.fips.ru/fips_servl/fips_servlet?DB=RUPAT&rn=4728&DocNumber=2327069&QID=F34A42C1-07F0-4C3A-946A-39CA9140C0CF&TypeFile=html
2446061;http://www1.fips.ru/fips_servl/fips_servlet?DB=RUPAT&rn=4728&DocNumber=2446061&QID=F34A42C1-07F0-4C3A-946A-39CA9140C0CF&TypeFile=html
2519621;http://www1.fips.ru/fips_servl/fips_servlet?DB=RUPAT&rn=4728&DocNumber=2519621&QID=F34A42C1-07F0-4C3A-946A-39CA9140C0CF&TypeFile=html
2595151;http://www1.fips.ru/fips_servl/fips_servlet?DB=RUPAT&rn=4728&DocNumber=2595151&QID=F34A42C1-07F0-4C3A-946A-39CA9140C0CF&TypeFile=html
2327913;http://www1.fips.ru/fips_servl/fips_servlet?DB=RUPAT&rn=4728&DocNumber=2327913&QID=F34A42C1-07F0-4C3A-946A-39CA9140C0CF&TypeFile=html
2460916;http://www1.fips.ru/fips_servl/fips_servlet?DB=RUPAT&rn=4728&DocNumber=2460916&QID=F34A42C1-07F0-4C3A-946A-39CA9140C0CF&TypeFile=html
2520728;http://www1.fips.ru/fips_servl/fips_servlet?DB=RUPAT&rn=4728&DocNumber=2520728&QID=F34A42C1-07F0-4C3A-946A-39CA9140C0CF&TypeFile=html
2597329;http://www1.fips.ru/fips_servl/fips_servlet?DB=RUPAT&rn=4728&DocNumber=2597329&QID=F34A42C1-07F0-4C3A-946A-39CA9140C0CF&TypeFile=html
