32846;http://www1.fips.ru/fips_servl/fips_servlet?DB=RUPM&rn=6490&DocNumber=32846&QID=92A7C5EE-854C-448E-8D91-FBCBABAAA355&TypeFile=html
99091;http://www1.fips.ru/fips_servl/fips_servlet?DB=RUPM&rn=6490&DocNumber=99091&QID=92A7C5EE-854C-448E-8D91-FBCBABAAA355&TypeFile=html
52961;http://www1.fips.ru/fips_servl/fips_servlet?DB=RUPM&rn=6490&DocNumber=52961&QID=92A7C5EE-854C-448E-8D91-FBCBABAAA355&TypeFile=html
105963;http://www1.fips.ru/fips_servl/fips_servlet?DB=RUPM&rn=6490&DocNumber=105963&QID=92A7C5EE-854C-448E-8D91-FBCBABAAA355&TypeFile=html
74180;http://www1.fips.ru/fips_servl/fips_servlet?DB=RUPM&rn=6490&DocNumber=74180&QID=92A7C5EE-854C-448E-8D91-FBCBABAAA355&TypeFile=html
130649;http://www1.fips.ru/fips_servl/fips_servlet?DB=RUPM&rn=6490&DocNumber=130649&QID=92A7C5EE-854C-448E-8D91-FBCBABAAA355&TypeFile=html
84488;http://www1.fips.ru/fips_servl/fips_servlet?DB=RUPM&rn=6490&DocNumber=84488&QID=92A7C5EE-854C-448E-8D91-FBCBABAAA355&TypeFile=html
133893;http://www1.fips.ru/fips_servl/fips_servlet?DB=RUPM&rn=6490&DocNumber=133893&QID=92A7C5EE-854C-448E-8D91-FBCBABAAA355&TypeFile=html
96202;http://www1.fips.ru/fips_servl/fips_servlet?DB=RUPM&rn=6490&DocNumber=96202&QID=92A7C5EE-854C-448E-8D91-FBCBABAAA355&TypeFile=html
151134;http://www1.fips.ru/fips_servl/fips_servlet?DB=RUPM&rn=6490&DocNumber=151134&QID=92A7C5EE-854C-448E-8D91-FBCBABAAA355&TypeFile=html
